{"AlEth": {"errors": {}, "generations": [{"generation": 0, "time": 26.952928066253662, "total_transactions": 69, "unique_transactions": 68, "code_coverage": 62.58879242304657, "branch_coverage": 65.1685393258427}, {"generation": 1, "time": 201.47532653808594, "total_transactions": 191, "unique_transactions": 127, "code_coverage": 65.4301499605367, "branch_coverage": 66.85393258426966}, {"generation": 2, "time": 382.2135362625122, "total_transactions": 410, "unique_transactions": 194, "code_coverage": 70.03420152591423, "branch_coverage": 69.10112359550563}], "transactions": {"total": 410, "per_second": 1.0726987540855228}, "code_coverage": {"percentage": 70.03420152591423, "covered": 2662, "total": 3801, "covered_with_children": 2662, "total_with_children": 0}, "branch_coverage": {"percentage": 69.10112359550563, "covered": 123, "total": 178}, "execution_time": 382.2135510444641, "memory_consumption": 73.90234375, "address_under_test": "0x2c5e8a3b3aad9df32339409534e64dfcabcd3a65", "seed": 0.6663636958774011}}