{"AlEth": {"errors": {}, "generations": [{"generation": 0, "time": 27.648277282714844, "total_transactions": 69, "unique_transactions": 68, "code_coverage": 62.851881083925285, "branch_coverage": 63.48314606741573}, {"generation": 1, "time": 213.39146184921265, "total_transactions": 146, "unique_transactions": 110, "code_coverage": 63.246514075243354, "branch_coverage": 64.04494382022472}, {"generation": 2, "time": 392.39039373397827, "total_transactions": 234, "unique_transactions": 149, "code_coverage": 66.2720336753486, "branch_coverage": 66.29213483146067}], "transactions": {"total": 234, "per_second": 0.5963448492274812}, "code_coverage": {"percentage": 66.2720336753486, "covered": 2519, "total": 3801, "covered_with_children": 2519, "total_with_children": 0}, "branch_coverage": {"percentage": 66.29213483146067, "covered": 118, "total": 178}, "execution_time": 392.39041018486023, "memory_consumption": 71.65625, "address_under_test": "0x2c5e8a3b3aad9df32339409534e64dfcabcd3a65", "seed": 0.7305775175918477}}