{"Utils": {"errors": {}, "generations": [{"generation": 0, "time": 93.80436849594116, "total_transactions": 81, "unique_transactions": 80, "code_coverage": 21.15169396683284, "branch_coverage": 28.059071729957807}, {"generation": 1, "time": 778.0692973136902, "total_transactions": 151, "unique_transactions": 122, "code_coverage": 21.15169396683284, "branch_coverage": 29.957805907172997}, {"generation": 2, "time": 1458.099157333374, "total_transactions": 215, "unique_transactions": 161, "code_coverage": 21.15169396683284, "branch_coverage": 30.801687763713083}, {"generation": 3, "time": 2152.571722984314, "total_transactions": 276, "unique_transactions": 202, "code_coverage": 21.15169396683284, "branch_coverage": 31.223628691983123}], "transactions": {"total": 276, "per_second": 0.12819091963319132}, "code_coverage": {"percentage": 21.15169396683284, "covered": 2079, "total": 9829, "covered_with_children": 2079, "total_with_children": 0}, "branch_coverage": {"percentage": 31.223628691983123, "covered": 148, "total": 474}, "execution_time": 2153.03861451149, "memory_consumption": 84.0390625, "address_under_test": "0x2c5e8a3b3aad9df32339409534e64dfcabcd3a65", "seed": 0.44283593768889384}}