{"QBridge": {"errors": {}, "generations": [{"generation": 0, "time": 159.76411700248718, "total_transactions": 87, "unique_transactions": 86, "code_coverage": 48.88358208955224, "branch_coverage": 53.41365461847389}, {"generation": 1, "time": 1399.552919626236, "total_transactions": 245, "unique_transactions": 165, "code_coverage": 48.88358208955224, "branch_coverage": 53.81526104417671}], "transactions": {"total": 245, "per_second": 0.1749391639197045}, "code_coverage": {"percentage": 48.88358208955224, "covered": 4094, "total": 8375, "covered_with_children": 4094, "total_with_children": 0}, "branch_coverage": {"percentage": 53.81526104417671, "covered": 268, "total": 498}, "execution_time": 1400.4868578910828, "memory_consumption": 84.73046875, "address_under_test": "0x2c5e8a3b3aad9df32339409534e64dfcabcd3a65", "seed": 0.4493013555427241}}