{"QBridge": {"errors": {}, "generations": [{"generation": 0, "time": 142.0326108932495, "total_transactions": 87, "unique_transactions": 86, "code_coverage": 48.58507462686567, "branch_coverage": 53.01204819277109}, {"generation": 1, "time": 1300.4109869003296, "total_transactions": 189, "unique_transactions": 139, "code_coverage": 53.158208955223884, "branch_coverage": 55.82329317269076}], "transactions": {"total": 189, "per_second": 0.14533866565846554}, "code_coverage": {"percentage": 53.158208955223884, "covered": 4452, "total": 8375, "covered_with_children": 4452, "total_with_children": 0}, "branch_coverage": {"percentage": 55.82329317269076, "covered": 278, "total": 498}, "execution_time": 1300.411003112793, "memory_consumption": 66.8046875, "address_under_test": "0x2c5e8a3b3aad9df32339409534e64dfcabcd3a65", "seed": 0.27110048753023086}}