{"Utils": {"errors": {"12265": [{"swc_id": 101, "severity": "High", "type": "Integer Overflow", "individual": [{"transaction": {"from": "0xdeadbeefdeadbeefdeadbeefdeadbeefdeadbeef", "to": "0x2c5e8a3b3aad9df32339409534e64dfcabcd3a65", "value": 0, "gaslimit": 4500000, "data": "0x896a708cffffffffffffffffffffffffffffffffffffffffffffffffffffffffffffffff00000000000000000000000000000000000000000000000000000000000000010000000000000000000000000000000000000000000000000000000000000000"}, "block": {}, "global_state": {"call_return": {"null": null}, "extcodesize": {"null": null}}, "environment": {"returndatasize": {"null": null}}}], "time": 1.0660171508789062, "line": 56, "column": 1, "source_code": "a + b"}], "12274": [{"swc_id": 110, "severity": "Medium", "type": "Assertion Failure", "individual": [{"transaction": {"from": "0xdeadbeefdeadbeefdeadbeefdeadbeefdeadbeef", "to": "0x2c5e8a3b3aad9df32339409534e64dfcabcd3a65", "value": 0, "gaslimit": 4500000, "data": "0x896a708cffffffffffffffffffffffffffffffffffffffffffffffffffffffffffffffff00000000000000000000000000000000000000000000000000000000000000010000000000000000000000000000000000000000000000000000000000000000"}, "block": {}, "global_state": {"call_return": {"null": null}, "extcodesize": {"null": null}}, "environment": {"returndatasize": {"null": null}}}], "time": 1.0734353065490723, "line": 57, "column": 1, "source_code": "assert(c >= a)"}]}, "generations": [{"generation": 0, "time": 82.01159167289734, "total_transactions": 81, "unique_transactions": 80, "code_coverage": 20.276732119238986, "branch_coverage": 26.79324894514768}, {"generation": 1, "time": 732.0355389118195, "total_transactions": 225, "unique_transactions": 153, "code_coverage": 21.52813104079764, "branch_coverage": 33.54430379746836}, {"generation": 2, "time": 1455.7114589214325, "total_transactions": 480, "unique_transactions": 225, "code_coverage": 22.56587648794384, "branch_coverage": 42.405063291139236}, {"generation": 3, "time": 2224.7490758895874, "total_transactions": 750, "unique_transactions": 289, "code_coverage": 23.80710143453047, "branch_coverage": 50.84388185654009}], "transactions": {"total": 750, "per_second": 0.33711666755721137}, "code_coverage": {"percentage": 23.80710143453047, "covered": 2340, "total": 9829, "covered_with_children": 2340, "total_with_children": 0}, "branch_coverage": {"percentage": 50.84388185654009, "covered": 241, "total": 474}, "execution_time": 2224.749091863632, "memory_consumption": 70.75390625, "address_under_test": "0x2c5e8a3b3aad9df32339409534e64dfcabcd3a65", "seed": 0.7985888439126074}}